{"stats":{"minecraft:custom":{"minecraft:jump":55,"minecraft:open_chest":12,"minecraft:time_since_rest":5928,"minecraft:crouch_one_cm":472,"minecraft:play_one_minute":5928,"minecraft:sprint_one_cm":15102,"minecraft:time_since_death":5928,"minecraft:walk_one_cm":9413,"minecraft:sneak_time":123,"minecraft:climb_one_cm":583,"minecraft:interact_with_crafting_table":1,"minecraft:fall_one_cm":1045,"minecraft:fly_one_cm":12124,"minecraft:interact_with_brewingstand":2,"minecraft:open_barrel":13},"minecraft:mined":{"minecraft:tall_grass":1},"minecraft:used":{"minecraft:wooden_axe":2,"sophisticatedbackpacks:backpack":1}},"DataVersion":2586}